{
  "monster_voice_heavy": {
    "prompt": "deep monster voice with heavy distortion and dark reverb",
    "preset": {
      "Equalizer": {
        "1": {
          "frequency": 12212.255859375,
          "Gain": 1.0738482475280762,
          "Q": 4.348306655883789,
          "Filter-type": "bell"
        },
        "2": {
          "frequency": 9228.236328125,
          "Gain": 6.711027145385742,
          "Q": 4.991316318511963,
          "Filter-type": "high-shelf"
        }
      },
      "Reverb": {
        "Room Size": 5.66497802734375,
        "Pre Delay": 0.10456720739603043,
        "Diffusion": 0.5600839257240295,
        "Damping": 0.42030733823776245,
        "Wet Gain": 0.5534018278121948
      },
      "Distortion": {
        "Gain": 15.22161865234375,
        "Color": 0.5035747289657593
      },
      "Pitch": {
        "Scale": 1.298904538154602
      }
    }
  },
  "demon_voice": {
    "prompt": "scary demon voice with metallic echo and low pitch",
    "preset": {
      "Equalizer": {
        "1": {
          "frequency": 11336.2197265625,
          "Gain": 2.077888011932373,
          "Q": 4.247717380523682,
          "Filter-type": "bell"
        },
        "2": {
          "frequency": 9728.4169921875,
          "Gain": 6.147970676422119,
          "Q": 4.9467010498046875,
          "Filter-type": "high-shelf"
        }
      },
      "Reverb": {
        "Room Size": 5.687801361083984,
        "Pre Delay": 0.1076228991150856,
        "Diffusion": 0.5671032667160034,
        "Damping": 0.40137532353401184,
        "Wet Gain": 0.5539186000823975
      },
      "Distortion": {
        "Gain": 14.803847312927246,
        "Color": 0.49981898069381714
      },
      "Pitch": {
        "Scale": 2.768794298171997
      }
    }
  },
  "robot_voice": {
    "prompt": "robotic voice with electronic distortion",
    "preset": {
      "Equalizer": {
        "1": {
          "frequency": 12518.638671875,
          "Gain": -2.656404972076416,
          "Q": 4.463487148284912,
          "Filter-type": "bell"
        },
        "2": {
          "frequency": 9136.474609375,
          "Gain": 4.759802341461182,
          "Q": 5.022726058959961,
          "Filter-type": "high-shelf"
        }
      },
      "Reverb": {
        "Room Size": 5.621260643005371,
        "Pre Delay": 0.10089792311191559,
        "Diffusion": 0.5579285025596619,
        "Damping": 0.43167904019355774,
        "Wet Gain": 0.5809620022773743
      },
      "Distortion": {
        "Gain": 15.327452659606934,
        "Color": 0.47080665826797485
      },
      "Pitch": {
        "Scale": 0.3736030161380768
      }
    }
  },
  "gentle_monster": {
    "prompt": "gentle monster voice with soft reverb",
    "preset": {
      "Equalizer": {
        "1": {
          "frequency": 12659.2744140625,
          "Gain": 0.0658782422542572,
          "Q": 4.502368927001953,
          "Filter-type": "bell"
        },
        "2": {
          "frequency": 9211.865234375,
          "Gain": 5.74094295501709,
          "Q": 4.693833351135254,
          "Filter-type": "high-shelf"
        }
      },
      "Reverb": {
        "Room Size": 5.484633445739746,
        "Pre Delay": 0.1065613403916359,
        "Diffusion": 0.5565459132194519,
        "Damping": 0.4689113199710846,
        "Wet Gain": 0.582153856754303
      },
      "Distortion": {
        "Gain": 15.545414924621582,
        "Color": 0.485528826713562
      },
      "Pitch": {
        "Scale": 0.24275238811969757
      }
    }
  },
  "dragon_voice": {
    "prompt": "powerful dragon voice with booming echo",
    "preset": {
      "Equalizer": {
        "1": {
          "frequency": 12243.74609375,
          "Gain": 0.6967065334320068,
          "Q": 4.672637462615967,
          "Filter-type": "bell"
        },
        "2": {
          "frequency": 8724.484375,
          "Gain": 3.091524600982666,
          "Q": 5.043334484100342,
          "Filter-type": "high-shelf"
        }
      },
      "Reverb": {
        "Room Size": 5.5292649269104,
        "Pre Delay": 0.11305443197488785,
        "Diffusion": 0.5352711081504822,
        "Damping": 0.4257069528102875,
        "Wet Gain": 0.5555237531661987
      },
      "Distortion": {
        "Gain": 14.857015609741211,
        "Color": 0.49356597661972046
      },
      "Pitch": {
        "Scale": 1.5652270317077637
      }
    }
  },
  "alien_voice": {
    "prompt": "otherworldly alien voice with strange effects",
    "preset": {
      "Equalizer": {
        "1": {
          "frequency": 11945.447265625,
          "Gain": 2.269463062286377,
          "Q": 4.4517822265625,
          "Filter-type": "bell"
        },
        "2": {
          "frequency": 9656.2275390625,
          "Gain": 7.308621406555176,
          "Q": 5.102572441101074,
          "Filter-type": "high-shelf"
        }
      },
      "Reverb": {
        "Room Size": 5.4793853759765625,
        "Pre Delay": 0.11707965284585953,
        "Diffusion": 0.5350303649902344,
        "Damping": 0.4157625436782837,
        "Wet Gain": 0.5654209852218628
      },
      "Distortion": {
        "Gain": 14.957090377807617,
        "Color": 0.49545931816101074
      },
      "Pitch": {
        "Scale": 0.6914743185043335
      }
    }
  }
}